<?xml version="1.0" encoding="UTF-8" standalone="yes"?>
<addon id="plugin.video.netflix" name="Netflix" version="0.11.11" provider-name="libdev + jojo + asciidisco">
  <requires>
    <import addon="xbmc.python" version="2.24.0"/>
    <import addon="script.module.beautifulsoup4" version="4.3.2"/>
    <import addon="script.module.requests" version="2.12.4"/>
    <import addon="script.module.pycryptodome" version="3.4.3"/>
  </requires>
  <extension point="xbmc.python.pluginsource" library="addon.py">
    <provides>video</provides>
  </extension>
  <extension point="xbmc.service" library="service.py" start="login" />
  <extension point="xbmc.addon.metadata">
    <summary lang="de">Netflix</summary>
    <description lang="de">Addon für Netflix VOD Services</description>
    <disclaimer lang="de">Möglicherweise sind einge Teile dieses Addons in Ihrem Land illegal, Sie sollten dies unbedingt vor der Installation überprüfen.</disclaimer>
    <summary lang="en">Netflix</summary>
    <description lang="en">Netflix VOD Services Addon</description>
    <disclaimer lang="en">Some parts of this addon may not be legal in your country of residence - please check with your local laws before installing.</disclaimer>
    <assets>
      <icon>resources\icon.png</icon>
      <fanart>resources\fanart.jpg</fanart>
      <screenshot>resources\screenshot-01.jpg</screenshot>
      <screenshot>resources\screenshot-02.jpg</screenshot>
      <screenshot>resources\screenshot-03.jpg</screenshot>
    </assets>
    <platform>all</platform>
    <license>MIT</license>
    <forum>http://www.kodinerds.net/index.php/Thread/55607-Inputstream-Agile-Betatest-Netflix/</forum>
    <source>https://github.com/asciidisco/plugin.video.netflix</source>
    <news>v0.11.11 (2017-4-10)
    - Portugese translations
    - Swedish translations

    v0.11.10 (2017-4-10)
    - Adds subtitle support
    - Polish translations

    v0.11.9 (2017-4-5)
    - Fix issues with persisted msl manifests

    v0.11.8 (2017-3-17)
    - Fix 1 sec delay per request on windows (see https://github.com/asciidisco/plugin.video.netflix/issues/21 for details)

    v0.11.7 (2017-3-17)
    - Remove initial connection check as it´s causing trouble</news>
  </extension>
</addon>
